INSERT INTO `tb_user` (`id`, `first_name`, `last_name`, `gender`, `partner_id`, `email`, `phone`, `password`, `created_at`, `updated_at`) VALUES ('1', 'Norma', 'Perez', 0, NULL, 'kmarin@example.org', '0321-2254', '88dd149bc14c73646521adf7d7d444a22698d637', '2023-01-31 14:54:44.263961', NULL);
INSERT INTO `tb_user` (`id`, `first_name`, `last_name`, `gender`, `partner_id`, `email`, `phone`, `password`, `created_at`, `updated_at`) VALUES ('2', 'Emiliano', 'Verdugo', 1, NULL, 'josé75@example.com', '71 6118 2088', '00bc52dcbf40230fa29c7fb0423ef843fa4f6042', '2023-01-31 14:54:44.263961', NULL);
INSERT INTO `tb_user` (`id`, `first_name`, `last_name`, `gender`, `partner_id`, `email`, `phone`, `password`, `created_at`, `updated_at`) VALUES ('3', 'Dante', 'Leon', 0, NULL, 'marinho.sophie@example.net', '(31)9234-4953', '19ae993308dfcc602c71248053b7b59b36c8c477', '2023-01-31 14:54:44.263961', NULL);
INSERT INTO `tb_user` (`id`, `first_name`, `last_name`, `gender`, `partner_id`, `email`, `phone`, `password`, `created_at`, `updated_at`) VALUES ('4', 'Miguel', 'Saraiva', 0, NULL, 'pedro.deoliveira@example.com', '(20)93540-0334', '13bbfd0b1ee2b6e30e03256bd7e2ea505438d9f9', '2023-01-31 14:54:44.263961', NULL);
INSERT INTO `tb_user` (`id`, `first_name`, `last_name`, `gender`, `partner_id`, `email`, `phone`, `password`, `created_at`, `updated_at`) VALUES ('5', 'Inácio', 'Urias', 0, NULL, 'santacruz.taís@example.com', '+48 (70) 8752 - 8703', '708e370981340b173d21b516128257889e3aaadb', '2023-01-31 14:54:44.263961', NULL);

INSERT INTO `tb_message` (`id`, `title`, `text`, `mood`, `from_user_id`, `to_user_id`, `created_at`, `updated_at`) VALUES ('1', 'Blanditiis omnis neque quas ea quaerat optio facere.', 'Vero quam repudiandae nobis nisi harum eos aliquam. Nesciunt et et est architecto exercitationem voluptas placeat. Sit dolores officiis et natus quo consectetur hic totam. Est ut cum quas.', 4, '1', '2', '2023-01-31 14:57:03.956490', NULL);
INSERT INTO `tb_message` (`id`, `title`, `text`, `mood`, `from_user_id`, `to_user_id`, `created_at`, `updated_at`) VALUES ('2', 'Asperiores vero dolor ut.', 'Non velit dicta veniam accusantium. Ducimus et repellat consequatur ut est sunt magni. Dolor provident omnis dolores.', 3, '2', '3', '2023-01-31 14:57:03.956490', NULL);
INSERT INTO `tb_message` (`id`, `title`, `text`, `mood`, `from_user_id`, `to_user_id`, `created_at`, `updated_at`) VALUES ('3', 'Omnis provident corporis sunt consequatur.', 'Minima sunt non harum et et cumque officiis. In est ad doloremque totam delectus. Ad voluptatem fugiat modi qui illo pariatur et. Velit quae ut rerum quaerat velit saepe.', 3, '3', '4', '2023-01-31 14:57:03.956490', NULL);
INSERT INTO `tb_message` (`id`, `title`, `text`, `mood`, `from_user_id`, `to_user_id`, `created_at`, `updated_at`) VALUES ('4', 'Deleniti autem libero voluptatibus totam.', 'Est esse maiores accusamus recusandae nam ipsam accusantium. Voluptas quia corporis nostrum quidem dolore. Esse sunt in quasi odit totam possimus.', 4, '4', '5', '2023-01-31 14:57:03.956490', NULL);
INSERT INTO `tb_message` (`id`, `title`, `text`, `mood`, `from_user_id`, `to_user_id`, `created_at`, `updated_at`) VALUES ('5', 'Nam repellat ullam mollitia ipsam.', 'Reprehenderit maiores placeat reprehenderit sint fuga. Saepe ea magnam iusto inventore. Non molestias quia nisi quasi.', 0, '5', '4', '2023-01-31 14:57:03.956490', NULL);


INSERT INTO `tb_reply` (`id`, `title`, `text`, `reaction`, `from_user_id`, `to_user_id`, `reply_to`, `created_at`, `updated_at`) VALUES ('1', 'Illo rerum iure et in laborum suscipit aut.', 'A accusantium est id dolorem perspiciatis voluptates et. Fugiat qui rerum sit. Quia voluptatem cumque nihil perferendis.', 3, '1', '2', '1', '2023-01-31 14:57:59.287787', NULL);
INSERT INTO `tb_reply` (`id`, `title`, `text`, `reaction`, `from_user_id`, `to_user_id`, `reply_to`, `created_at`, `updated_at`) VALUES ('2', 'Architecto atque ut eligendi.', 'Tempore quasi aliquam ipsam laborum explicabo voluptate sed. Doloremque accusantium repellat eum eos placeat eum enim.', 4, '2', '3', '2', '2023-01-31 14:57:59.287787', NULL);
INSERT INTO `tb_reply` (`id`, `title`, `text`, `reaction`, `from_user_id`, `to_user_id`, `reply_to`, `created_at`, `updated_at`) VALUES ('3', 'Qui sit corporis quas quam itaque dolorum distinctio.', 'Exercitationem nisi illo consectetur voluptate expedita quae. Nesciunt ea natus unde. Est eos qui repudiandae.', 4, '3', '4', '3', '2023-01-31 14:57:59.287787', NULL);
INSERT INTO `tb_reply` (`id`, `title`, `text`, `reaction`, `from_user_id`, `to_user_id`, `reply_to`, `created_at`, `updated_at`) VALUES ('4', 'Eos ut ut numquam nostrum.', 'Eligendi aliquam quos eligendi ex a. Corrupti tenetur expedita ut nihil sunt ut. Tempore aut cupiditate excepturi est et et voluptatem. Doloribus qui sit beatae voluptatem nostrum.', 0, '4', '5', '4', '2023-01-31 14:57:59.287787', NULL);
INSERT INTO `tb_reply` (`id`, `title`, `text`, `reaction`, `from_user_id`, `to_user_id`, `reply_to`, `created_at`, `updated_at`) VALUES ('5', 'Delectus nesciunt quo repellat.', 'Laudantium itaque nihil accusamus architecto recusandae aut quo. Beatae quia rerum ratione hic id id consequatur. Velit laborum quia dolor qui nam at. Omnis odit in aperiam.', 1, '5', '4', '5', '2023-01-31 14:57:59.287787', NULL);